[
  {
    "connection_name": "connection1",
    "connection_string": "jdbc:mysql://localhost:3306/YourDBName",
    "username": "user",
    "password": "****",
    "tables": [
      {
        "table_name": "Clients",
        "columns": [
          "id_client",
          "nom",
          "prenom",
          "email"
        ]
      },
      {
        "table_name": "Account",
        "columns": [
          "id_account",
          "type",
          "devise",
          "balance",
          "credit"
        ]
      },
      {
        "table_name": "sector",
        "columns": [
          "id_sector",
          "description",
          "area"
        ]
      }
    ]
  },
  {
    "connection_name": "connection2",
    "connection_string": "postgresql://localhost:5433/myDb",
    "username": "user",
    "password": "****",
    "tables": [
      {
        "table_name": "Users",
        "columns": [
          "id_user",
          "nom",
          "prenom",
          "email"
        ]
      },
      {
        "table_name": "quizz",
        "columns": [
          "id_quizz",
          "questions",
          "reponses",
          "note",
          "avis"
        ]
      },
      {
        "table_name": "connection",
        "columns": [
          "id_connection",
          "date",
          "url"
        ]
      }
    ]
  },
  {
    "connection_name": "connection3",
    "connection_string": "jdbc:sqlserver://localhost:1433/maBase",
    "username": "user",
    "password": "****",
    "tables": [
      {
        "table_name": "Film",
        "columns": [
          "id_film",
          "description",
          "réalisateur",
          "note"
        ]
      },
      {
        "table_name": "realisateur",
        "columns": [
          "id_realisateur",
          "films",
          "acteurs",
          "budget",
          "nationalité"
        ]
      },
      {
        "table_name": "acteur",
        "columns": [
          "id_acteur",
          "films",
          "realisateur"
        ]
      }
    ]
  }
]